chain1,res1,chain2,res2,dist
W, 2, Z, 19, 36.553669
W, 3, Z, 19, 36.058239
W, 4, Z, 19, 37.854969
W, 6, Z, 19, 36.246548
W, 7, Z, 19, 35.057022
W, 8, Z, 13, 38.098381
W, 8, Z, 18, 36.211483
W, 9, Z, 12, 35.306801
W, 9, Z, 14, 36.246048
W, 9, Z, 15, 38.132729
W, 9, Z, 16, 38.929722
W, 11, Z, 10, 37.621922
W, 11, Z, 28, 35.687321
W, 12, Z, 27, 36.801975
W, 13, Z, 26, 35.279148
W, 14, Z, 25, 35.360840
W, 15, Z, 10, 35.684429
W, 15, Z, 24, 35.929062
W, 16, Z, 9, 38.225880
W, 16, Z, 23, 37.473022
W, 17, Z, 9, 36.795582
W, 17, Z, 22, 37.231930
W, 18, Z, 8, 37.851383
W, 19, Z, 5, 37.934677
W, 19, Z, 7, 38.162628
W, 19, Z, 21, 36.547951
W, 20, Z, 2, 37.240448
W, 20, Z, 3, 38.062889
W, 20, Z, 4, 35.629253
W, 20, Z, 6, 35.067524
W, 20, Z, 20, 36.291996
W, 21, Z, 18, 37.146748
W, 22, Z, 17, 36.056164
W, 25, Z, 14, 36.605190
W, 26, Z, 13, 36.387756
W, 28, Z, 12, 36.946522
X, 3, Y, 19, 37.546173
X, 4, Y, 19, 38.535286
X, 5, Y, 19, 37.927052
X, 6, Y, 19, 37.203217
X, 7, Y, 18, 38.219608
X, 8, Y, 12, 37.476650
X, 8, Y, 13, 37.846317
X, 8, Y, 17, 38.746105
X, 9, Y, 11, 38.131485
X, 9, Y, 14, 35.496506
X, 9, Y, 15, 35.632893
X, 11, Y, 27, 36.862865
X, 12, Y, 9, 35.916531
X, 12, Y, 26, 37.292934
X, 13, Y, 9, 35.955212
X, 13, Y, 25, 36.501995
X, 14, Y, 9, 36.309559
X, 14, Y, 24, 35.885563
X, 15, Y, 9, 35.164612
X, 15, Y, 23, 37.371662
X, 16, Y, 8, 37.606720
X, 16, Y, 22, 37.435429
X, 17, Y, 8, 35.631653
X, 17, Y, 21, 36.561974
X, 18, Y, 2, 38.998737
X, 18, Y, 7, 36.102085
X, 18, Y, 20, 36.105961
X, 19, Y, 2, 36.580482
X, 19, Y, 3, 37.744602
X, 19, Y, 4, 38.050972
X, 19, Y, 6, 36.754570
X, 20, Y, 17, 35.117596
X, 20, Y, 18, 38.703568
X, 20, Y, 19, 37.891369
X, 21, Y, 17, 38.464787
X, 22, Y, 16, 37.364418
X, 23, Y, 15, 37.100498
X, 24, Y, 14, 35.156437
X, 25, Y, 13, 36.374725
X, 26, Y, 12, 35.805325
